product_id,brand,weight,cpu,cpu_series,cpu_model,cpu_cache,freq,freq_bound,gpu,gpu_model,gpu_size,HDD,SSD,screen_size,screen_acc,port_vga,port_hdmi,port_thunderbolt,port_serial,usb3,usb2,usb4,usbc,battery,os,ram,ram_kind,price
dkp-3404802,microsoft,1.642,Intel,Corei7,1065G7,8000000,1.3_3.9,_2.0,NVIDIA,NvidiaQuadroRTX3000Max,6000000000,0,1000000000000,15.0,3240x2160,0,0,0,0,2,0,0,1,0,MicrosoftWindows10,32000000000,DDR4,106409000
dkp-3404485,microsoft,1.534,Intel,Corei7,1065G7,8000000,1.3_3.9,_2.0,NVIDIA,NvidiaGeForceGTX1650Max,4000000000,0,1000000000000,13.5,3000x2000,0,0,0,0,2,0,0,1,0,MicrosoftWindows10,32000000000,DDR4,93699000
dkp-3154329,microsoft,1.642,Intel,Corei7,1065G7,8000000,1.3_3.9,_2.0,NVIDIA,NVIDIAGeForceGTX1660Ti,6000000000,0,512000000000,15.0,3240x2160,0,0,0,0,2,0,0,1,0,MicrosoftWindows10,32000000000,DDR4,86900000
dkp-3154032,microsoft,1.642,Intel,Corei7,1065G7,8000000,1.3_3.9,_2.0,NVIDIA,NVIDIAGeForceGTX1660Ti,6000000000,0,256000000000,15.0,3240x2160,0,0,0,0,2,0,0,1,0,MicrosoftWindows10,16000000000,DDR4,76299000
dkp-5020231,dell,2.56,Intel,Corei7,10750H,12000000,2.60_5.00,2.8,NVIDIA,NVIDIARTX2070,8000000000,0,1000000000000,15.6,FullHD,0,1,1,0,3,0,0,1,0,MicrosoftWindows10,32000000000,DDR4,75900000
dkp-3404108,microsoft,1.534,Intel,Corei7,1065G7,8000000,1.3_3.9,_2.0,NVIDIA,NvidiaGeForceGTX1650Max,4000000000,0,512000000000,13.5,3000x2000,0,0,0,0,2,0,0,1,0,MicrosoftWindows10,32000000000,DDR4,74699000
dkp-998199,porsche,1.58,Intel,Corei7,7thGenIntel,4000000,2.70_3.50,2.8,Intel,IntelHDGraphics620,0,0,512000000000,13.3,WQXGA,0,0,1,0,2,0,0,1,0,MicrosoftWindows10,16000000000,DDR3,68399000
dkp-2217851,apple,2,Intel,Corei9,(9880H),16000000,2.3_4.8,2.5_2.8,AMD,AMDRadeonPro5500Mwith4000000000ofGDDR6memoryandautomaticgraphicsswitchingIntelUHDGraphics630,4000000000,0,1000000000000,16,FullHD,0,0,1,0,0,0,0,0,0,AppleMacOS,16000000000,DDR4,66999000
dkp-2217554,apple,2,Intel,Corei9,(9880H),16000000,2.3_4.8,2.5_2.8,AMD,AMDRadeonPro5500Mwith4000000000ofGDDR6memoryandautomaticgraphicsswitchingIntelUHDGraphics630,4000000000,0,1000000000000,16,3072x1920,0,0,1,0,0,0,0,1,0,AppleMacOS,16000000000,DDR4,65964000
dkp-4382223,lenovo,1.35,Intel,Corei7,8565U,8000000,1.8,2.8,Intel,IntegratedIntelUHDGraphics,0,0,512000000000,14,FullHD,0,1,1,0,2,0,0,1,0,MicrosoftWindows10,16000000000,DDR4,65000000
dkp-3402196,microsoft,1.534,Intel,Corei7,1065G7,8000000,1.3_3.9,_2.0,NVIDIA,NvidiaGeForceGTX1650Max,4000000000,0,256000000000,13.5,3000x2000,0,0,0,0,2,0,0,1,0,MicrosoftWindows10,16000000000,DDR4,61899000
dkp-3553227,hp,1.95,Intel,Corei7,10750H,12000000,2.6_5.0,2.5_2.8,NVIDIA,GeForce,4000000000,0,1000000000000,15.6,UHD,0,1,1,0,3,0,0,1,0,MicrosoftWindows10,16000000000,DDR4,61790000
dkp-4869270,dell,1.2,Intel,Corei7,1065G7,8000000,1.3,2.8,Intel,Irisplus,0,0,512000000000,13.4,UHD,0,0,1,0,0,0,0,1,0,MicrosoftWindows10,16000000000,DDR4,60490000
dkp-2212161,apple,2,Intel,Corei7,(9750H),12000000,2.6_4.5,2.5_2.8,AMD,AMDRadeonPro5300Mwith4000000000ofGDDR6memoryandautomaticgraphicsswitchingIntelUHDGraphics630,4000000000,0,512000000000,16,FullHD,0,0,1,0,0,0,0,1,0,AppleMacOS,16000000000,DDR4,59999000
dkp-2217411,apple,2,Intel,Corei7,(9750H),12000000,2.6_4.5,2.5_2.8,AMD,AMDRadeonPro5300Mwith4000000000ofGDDR6memoryandautomaticgraphicsswitchingIntelUHDGraphics630,4000000000,0,512000000000,16,FullHD,0,0,1,0,0,0,0,1,0,AppleMacOS,16000000000,DDR4,59989000
dkp-4677253,asus,1.9,Intel,Corei7,10750H,12000000,2.6,2.8,NVIDIA,GeForceRTX2070,8000000000,0,1000000000000,15.6,FullHD,0,1,1,0,3,0,0,1,0,0,16000000000,DDR4,59600000
dkp-3324074,asus,2.4,Intel,Corei7,10750H,12000000,2.6_5.0,2.8,NVIDIA,GeForce,8000000000,0,1000000000000,15.6,FullHD,0,1,0,0,3,0,0,1,0,0,16000000000,DDR4,57000000
dkp-4668230,dell,2.34,Intel,Corei7,10750H,12000000,2.6,2.8,NVIDIA,GeForceGTX1660TiGDDR6,6000000000,0,512000000000,15.6,FullHD,0,1,1,0,2,2,0,1,0,MicrosoftWindows10,32000000000,DDR4,54900000
dkp-5023562,dell,1.32,Intel,Corei7,1065G7,8000000,1.3_3.9,2.8,Intel,IntelIrisPlusGraphicsG7,0,0,256000000000,13.4,WUXGA,0,0,1,0,2,0,0,1,0,MicrosoftWindows10,8000000000,DDR4,50900000
dkp-5052498,lenovo,2.25,Intel,Corei7,10750H,12000000,2.6_5.0,2.8,NVIDIA,NVIDIAGeforceRTX2070MAX,8000000000,0,1000000000000,15.6,FullHD,0,1,1,0,3,0,0,1,0,0,32000000000,DDR4,50350000
dkp-2859385,apple,1.4,Intel,Corei5,quad,6000000,2.0_3.8,_2.0,Intel,IntelIrisPlus,0,0,1000000000000,13.3,QHD,0,0,1,0,0,0,0,1,0,AppleMacOS,16000000000,DDR4,49890000
dkp-2860869,asus,1.59,Intel,Corei7,10510U,8000000,-1,2.8,NVIDIA,GTX1650MaxQDesignDDR5,4000000000,0,1000000000000,15.6,FullHD,0,1,0,0,2,0,0,1,0,MicrosoftWindows10,16000000000,DDR3,48000000
dkp-2859336,apple,1.4,Intel,Corei5,quad,6000000,2.0_3.8,_2.0,Intel,IntelIrisPlus,0,0,1000000000000,13.3,QHD,0,0,1,0,0,0,0,1,0,AppleMacOS,16000000000,DDR4,47499000
dkp-2859289,apple,1.4,Intel,Corei5,quad,6000000,2.0_3.8,_2.0,Intel,IntelIrisPlus,0,0,512000000000,13.3,QHD,0,0,1,0,0,0,0,1,0,AppleMacOS,16000000000,DDR4,46999000
dkp-2563904,microsoft,1.288,Intel,Corei7,Quad,8000000,1.3_3.9,_2.0,Intel,IntelIrisPlusGraphics,0,0,256000000000,13.5,2256x1504,0,0,0,0,1,0,0,1,0,MicrosoftWindows10,16000000000,DDR4,45999000
dkp-3380693,asus,2.4,Intel,Corei7,10750H,12000000,2.6_5,2.8,NVIDIA,GeForce,6000000000,0,1000000000000,15.6,FullHD,0,1,0,0,3,0,0,1,0,0,16000000000,DDR4,45300000
dkp-5191453,msi,2.6,Intel,Corei7,10750H,12000000,2.6,2.8,NVIDIA,GeForceGTX1660TIGDDR6192Bit,6000000000,0,1000000000000,17.3,FullHD,0,1,0,0,2,0,0,1,0,0,16000000000,DDR4,45200000
dkp-4674821,dell,1.2,Intel,Corei7,1165G7,12000000,2.8,2.8,Intel,IRISXEGRAPHICS,0,544000000000,512000000000,13.3,UHD,0,1,1,0,1,0,1,1,0,MicrosoftWindows10,16000000000,DDR4,44990000
dkp-3154351,microsoft,1.534,Intel,Corei5,1035G7,6000000,1.2_3.7,_2.0,NVIDIA,IntelIrisPlusGraphics,0,0,256000000000,13.5,3000x2000,0,0,0,0,2,0,0,1,0,MicrosoftWindows10,8000000000,DDR4,44964000
dkp-4655934,huawei,1.33,Intel,Corei7,10510U,6000000,1.80_4.9,2.8,NVIDIA,NVIDIAGeForceMX250,2000000000,0,1000000000000,13.9,3000x2000,0,0,0,0,1,0,0,1,0,MicrosoftWindows10,16000000000,LPDDR3,45700000
dkp-3387540,hp,2.74,Intel,Corei7,10750H,12000000,2.6_5.0,2.5_2.8,NVIDIA,GeForceGTX1660TiwithMax,6000000000,1000000000000,1000000000000,17.3,FullHD,0,1,0,0,3,0,0,1,0,0,32000000000,DDR4,44280000
dkp-2858920,apple,1.4,Intel,Corei5,quad,6000000,2.0_3.8,_2.0,Intel,IntelIrisPlus,0,0,512000000000,13.3,QHD,0,0,1,0,0,0,0,0,0,AppleMacOS,16000000000,DDR4,43964000
dkp-3553096,hp,1.3,Intel,Corei7,1065G7,8000000,1.3_3.9,_2.0,Intel,Intel,0,0,1000000000000,13.3,FullHD,0,0,1,0,3,0,0,1,0,MicrosoftWindows10,16000000000,DDR4,43250000
dkp-5192431,msi,2.33,Intel,Corei7,10750H,12000000,2.6,2.8,NVIDIA,GeforceGTX1660TiGDDR6192Bit,6000000000,1000000000000,256000000000,15.6,FullHD,0,1,0,0,3,0,0,1,0,0,16000000000,DDR4,42990000
dkp-4533113,asus,2.4,Intel,Corei7,10750H,12000000,2.6_5,2.8,NVIDIA,GeForce,6000000000,0,1000000000000,15.6,FullHD,0,1,0,0,3,0,0,1,0,0,16000000000,DDR4,42550000
dkp-3387418,hp,2.74,Intel,Corei7,10750H,12000000,2.6_5.0,2.5_2.8,NVIDIA,GeForceGTX1660TiwithMax,6000000000,1000000000000,500000000000,17.3,FullHD,0,1,0,0,3,0,0,1,0,0,32000000000,DDR4,42220000
dkp-4639872,hp,2.3,Intel,Corei7,10750H,12000000,2.6,2.8,NVIDIA,GeForceGTX1660tiGDDR6,6000000000,1000000000000,1000000000000,15.6,FullHD,0,1,1,0,4,0,0,1,0,0,32000000000,DDR4,42220000
dkp-4640571,hp,2.2,Intel,Corei7,10750H,12000000,2.6,2.8,NVIDIA,GeForceGTX1660TiwithMax,6000000000,1000000000000,1000000000000,15.6,FullHD,0,1,0,0,3,0,0,1,0,0,32000000000,DDR4,41190000
dkp-3387310,hp,2.74,Intel,Corei7,10750H,12000000,2.6_5.0,2.5_2.8,NVIDIA,GeForceGTX1660TiwithMax,6000000000,1000000000000,256000000000,17.3,FullHD,0,1,0,0,3,0,0,1,0,0,32000000000,DDR4,41190000
dkp-3784382,dell,1.48,Intel,Corei7,8665U,8000000,1.9_4.8,2.8,AMD,Radeon540X,2000000000,1000000000000,0,14,HD,0,1,1,0,3,0,0,0,0,0,8000000000,DDR4,41000000
dkp-3784769,dell,1.82,Intel,Corei7,8665U,8000000,1.9_4.8,2.8,AMD,Radeon540X,2000000000,1000000000000,0,15.6,FullHD,0,1,1,0,3,0,0,0,0,0,8000000000,DDR4,41000000
dkp-3950279,lenovo,2.46,Intel,Corei7,10750H,12000000,2.6UPTO5.0,2.5_2.8,NVIDIA,GeforceRTX2060,6000000000,1000000000000,256000000000,15.6,FullHD,0,1,0,0,4,0,0,1,0,0,32000000000,DDR4,40820000
dkp-4523214,hp,2.4,Intel,Corei7,10750H,12000000,2.6,2.8,NVIDIA,GeForceGTX1660tiGDDR6,6000000000,1000000000000,500000000000,15.6,FullHD,0,1,1,0,4,0,0,1,0,0,16000000000,DDR4,40738200
dkp-3387265,hp,2.74,Intel,Corei7,10750H,12000000,2.6_5.0,2.5_2.8,NVIDIA,GeForceGTX1660TiwithMax,6000000000,1000000000000,500000000000,17.3,FullHD,0,1,0,0,3,0,0,1,0,0,16000000000,DDR4,40680000
dkp-4639871,hp,2.3,Intel,Corei7,10750H,12000000,2.6,2.8,NVIDIA,GeForceGTX1660tiGDDR6,6000000000,1000000000000,512000000000,15.6,FullHD,0,1,1,0,4,0,0,1,0,0,32000000000,DDR4,40680000
dkp-4360220,asus,2.3,Intel,Corei7,10750H,16000000,-1,2.8,Intel,GeForceGTX1650,4000000000,1000000000000,512000000000,15.6,FullHD,0,1,0,0,2,0,0,1,0,0,32000000000,DDR4,40100000
dkp-5006586,huawei,1.33,Intel,Corei7,10510U,6000000,1.8,2.8,NVIDIA,NVIDIAGeForceMX250,2000000000,0,1000000000000,13.9,3000x2000,0,0,0,0,0,1,0,1,0,0,16000000000,LPDDR3,40000000
dkp-4901497,dell,2.03,Intel,Corei5,8265U,6000000,1.6_3.9,2.8,Intel,,0,0,256000000000,15.6,HD,0,1,0,0,2,1,0,0,0,MicrosoftWindows10,8000000000,DDR4,40000000
dkp-3784971,apple,1.4,Apple,M1,AppleM1chip,12000000,-1,2.8,Apple,8coreApple,0,0,512000000000,13.3,QHD,0,0,1,0,0,0,1,1,0,AppleMacOS,8000000000,Unified,39999000
dkp-3784925,apple,1.4,Apple,M1,AppleM1chip,12000000,-1,2.8,Apple,8coreApple,0,0,512000000000,13.3,QHD,0,0,1,0,0,0,1,1,0,AppleMacOS,8000000000,Unified,39999000
dkp-4523213,hp,2.4,Intel,Corei7,10750H,12000000,2.6,2.8,NVIDIA,GeForceGTX1660tiGDDR6,6000000000,1000000000000,256000000000,15.6,FullHD,0,1,1,0,4,0,0,1,0,MicrosoftWindows10,32000000000,DDR4,39732000
dkp-4640570,hp,2.2,Intel,Corei7,10750H,12000000,2.6,2.8,NVIDIA,GeForceGTX1660TiwithMax,6000000000,1000000000000,500000000000,15.6,FullHD,0,1,0,0,3,0,0,1,0,0,32000000000,DDR4,39650000
dkp-3384483,hp,2.74,Intel,Corei7,10750H,12000000,2.6_5.0,2.5_2.8,NVIDIA,GeForceGTX1660TiwithMax,6000000000,1000000000000,256000000000,17.3,FullHD,0,1,0,0,3,0,0,1,0,0,16000000000,DDR4,39650000
dkp-3384058,hp,2.2,Intel,Corei7,10750H,12000000,2.6_5.0,2.5_2.8,NVIDIA,GeForceGTX1660TiwithMax,6000000000,1000000000000,256000000000,15.6,FullHD,0,1,0,0,3,0,0,1,0,0,16000000000,DDR4,39500000
dkp-4639833,hp,2.3,Intel,Corei7,10750H,12000000,2.6,2.8,NVIDIA,GeForceGTX1660tiGDDR6,6000000000,1000000000000,512000000000,15.6,FullHD,0,1,1,0,4,0,0,1,0,0,16000000000,DDR4,38620000
dkp-4522782,hp,2.4,Intel,Corei7,10750H,12000000,2.6,2.8,NVIDIA,GeForceGTX1660tiGDDR6,6000000000,1000000000000,256000000000,15.6,FullHD,0,1,1,0,4,0,0,1,0,MicrosoftWindows10,16000000000,DDR4,37900000
dkp-4640569,hp,2.2,Intel,Corei7,10750H,12000000,2.6,2.8,NVIDIA,GeForceGTX1660TiwithMax,6000000000,1000000000000,500000000000,15.6,FullHD,0,1,0,0,3,0,0,1,0,0,16000000000,DDR4,37590000
dkp-4051500,asus,2.4,Intel,Corei7,10750H,12000000,2.6_5,2.8,NVIDIA,GeForce,4000000000,0,1000000000000,15.6,FullHD,0,1,0,0,3,0,0,0,0,0,16000000000,DDR4,37580000
dkp-4893304,dell,2.2,Intel,Corei5,8265U,6000000,1.6,_2.0,Intel,,0,1000000000000,0,15.6,HD,0,1,0,0,2,1,0,0,0,MicrosoftWindows10,8000000000,DDR4,37000000
dkp-5132928,apple,1.29,Intel,Corei7,10thGen,8000000,1.2,2.8,Intel,IrisPlusGraphicsOperatingSystem,0,0,256000000000,13.3,QHD,0,0,1,0,0,0,0,1,0,AppleMacOS,16000000000,LPDDR4X,36999000
dkp-2858674,apple,1.4,Intel,Corei5,quad,6000000,1.4_3.9,_2.0,Intel,IntelIrisPlus645,0,0,512000000000,13.3,QHD,0,0,1,0,0,0,0,1,0,AppleMacOS,8000000000,DDR3,36999000
dkp-2427486,lenovo,1.7,Intel,Corei7,8550U,8000000,_4,_2.0,NVIDIA,GeForceMX130,2000000000,0,256000000000,15.6,FullHD,0,1,0,0,2,0,0,1,0,MicrosoftWindows10,8000000000,DDR4,36750000
dkp-4640513,hp,2.2,Intel,Corei7,10750H,12000000,2.6,2.8,NVIDIA,GeForceGTX1660TiwithMax,6000000000,1000000000000,256000000000,15.6,FullHD,0,1,0,0,3,0,0,1,0,0,16000000000,DDR4,36560000
dkp-5243253,lenovo,2.4,Intel,Corei7,10750H,12000000,2.9,2.8,NVIDIA,GeForceRTX2060DDR6,6000000000,0,512000000000,15.6,FullHD,0,1,0,1,1,0,0,1,0,MicrosoftWindows10,16000000000,DDR4,36100000
dkp-3421110,lenovo,2.39,Intel,Corei7,10750H,12000000,2.6,-1,NVIDIA,GeForceGTX1660Ti,6000000000,0,512000000000,15.6,FullHD,0,1,0,0,3,0,0,1,0,MicrosoftWindows10,16000000000,DDR4,35870000
dkp-4334190,hp,2.2,Intel,Corei7,10750H,12000000,-1,2.8,NVIDIA,GeForceGTX1650GDDR6,4000000000,0,1000000000000,15.6,FullHD,0,1,0,0,3,0,0,1,0,MicrosoftWindows10,32000000000,DDR4,35530000
dkp-2563660,microsoft,1.288,Intel,Corei5,Quad,6000000,1.2_3.7,_2.0,Intel,IntelIrisPlusGraphics,0,0,256000000000,13.5,2256x1504,0,0,0,0,1,0,0,1,0,MicrosoftWindows10,8000000000,DDR4,35499000
dkp-5249352,lenovo,2.46,AMD,Ryzen7,4800H,8000000,2.0,2.8,NVIDIA,GeforceGTX1660TiGDDR6192Bit,6000000000,1000000000000,256000000000,15.6,FullHD,0,1,0,1,1,0,0,1,0,0,32000000000,DDR4,35000000
dkp-4062619,asus,1.3,Intel,Corei7,10510U,8000000,1.8_4.9,2.8,NVIDIA,GeForce,2000000000,0,1000000000000,14,FullHD,0,1,0,0,1,1,0,1,0,0,16000000000,DDR3,35000000
dkp-3738963,apple,1.29,Apple,M1,AppleM1chip,12000000,-1,2.8,Apple,8coreApple,0,0,512000000000,13.3,QHD,0,0,1,0,0,0,1,1,0,AppleMacOS,8000000000,Unified,34999000
dkp-3784877,apple,1.4,Apple,M1,AppleM1chip,12000000,-1,2.8,Apple,8coreApple,0,0,256000000000,13.3,QHD,0,0,1,0,0,0,1,1,0,AppleMacOS,8000000000,Unified,34964000
dkp-3784517,apple,1.4,Apple,M1,AppleM1chip,12000000,-1,2.8,Apple,8coreApple,0,0,256000000000,13.3,QHD,0,0,1,0,0,0,1,1,0,AppleMacOS,8000000000,Unified,34964000
dkp-3738834,apple,1.29,Apple,M1,AppleM1chip,12000000,-1,2.8,Apple,8coreApple,0,0,512000000000,13.3,QHD,0,0,1,0,0,0,1,1,0,AppleMacOS,8000000000,Unified,34964000
dkp-4818842,dell,1.59,Intel,Corei7,1165G7,12000000,2.8,2.8,NVIDIA,GeForceMX330GDDR5,2000000000,1000000000000,512000000000,14.1,FullHD,0,1,0,0,2,1,0,0,0,0,16000000000,DDR4,34900000
dkp-5181982,msi,3.4,Intel,Corei7,10750H,12000000,2.6,2.8,NVIDIA,GeforceGTX1650TIGDDR6128Bit,4000000000,1000000000000,512000000000,17.3,FullHD,0,1,0,0,3,0,0,1,0,0,16000000000,DDR4,34800000
dkp-4019379,lenovo,2.46,Intel,Corei7,10750H,12000000,2.6UPTO5.0,2.5_2.8,NVIDIA,GeforceGTX1660Ti,6000000000,1000000000000,512000000000,15.6,FullHD,0,1,0,0,4,0,0,1,0,0,16000000000,DDR4,34650000
dkp-4461771,hp,2.39,Intel,Corei7,10750H,12000000,_5.0,2.8,NVIDIA,GeForceGTX1660Ti,6000000000,1000000000000,256000000000,15.6,FullHD,0,1,1,0,3,0,0,1,0,MicrosoftWindows10,8000000000,DDR4,34300000
dkp-4334189,hp,2.2,Intel,Corei7,10750H,12000000,-1,2.8,NVIDIA,GeForceGTX1650GDDR6,4000000000,0,1000000000000,15.6,FullHD,0,1,0,0,3,0,0,1,0,MicrosoftWindows10,16000000000,DDR4,33980000
dkp-3945042,lenovo,2.46,Intel,Corei7,10750H,12000000,2.6UPTO5.0,2.5_2.8,NVIDIA,GeforceGTX1650TI,4000000000,1000000000000,256000000000,15.6,FullHD,0,1,0,0,4,0,0,1,0,0,32000000000,DDR4,33960000
dkp-3373063,hp,1.9,Intel,Corei7,1065G7,8000000,1.3_3.9,_2.0,NVIDIA,GeForce,4000000000,1000000000000,250000000000,15.6,FullHD,0,1,0,0,2,0,0,1,0,0,8000000000,DDR4,33898200
dkp-3762703,msi,1.86,Intel,Corei7,9750H,12000000,2.20_4.10,2.5_2.8,NVIDIA,GeForceGTX1650,4000000000,1000000000000,256,15.6,FullHD,0,1,0,0,تعدادپورت3.2,0,0,1,0,0,16000000000,DDR4,33850000
dkp-3738910,apple,1.29,Apple,M1,AppleM1chip,12000000,-1,2.8,Apple,8coreApple,0,0,512000000000,13.3,QHD,0,0,1,0,0,0,1,1,0,AppleMacOS,8000000000,Unified,33459000
dkp-3356054,acer,2.15,Intel,Corei7,10750H,12000000,2.6UPTO4.5,2.5_2.8,NVIDIA,GTX1650GDDR6,4000000000,0,1000000000000,15.6,FullHD,0,1,0,0,2,1,0,1,0,0,16000000000,DDR4,33370000
dkp-5250669,dell,2.46,Intel,Corei7,i7,12000000,2.6_5.0,2.8,NVIDIA,GeForce1650TI,4000000000,1000000000000,512000000000,15.6,FullHD,0,1,0,0,1,2,0,1,0,MicrosoftWindows10,16000000000,DDR4,32765500
dkp-3832705,hp,2.25,Intel,Corei5,9300H,8000000,2.4_4.1,2.8,NVIDIA,GeForceGTX1650,4000000000,1000000000000,1000000000000,15.6,FullHD,0,1,0,0,3,0,0,1,0,0,8000000000,DDR4,32599000
dkp-3716854,lenovothinkpad,1.9,Intel,Corei7,10510U,8000000,1.8UPTO4.9,_2.0,AMD,RX640GDDR5128BIT,2000000000,1000000000000,256000000000,15.6,FullHD,0,1,0,0,2,1,0,1,0,0,16000000000,DDR4,32300000
dkp-5191755,msi,1.85,Intel,Corei7,10750H,12000000,2.6,2.8,NVIDIA,GeforceGTX1650MAX,4000000000,1000000000000,256000000000,15.6,FullHD,0,1,0,0,3,0,0,1,0,0,16000000000,DDR4,32300000
dkp-2848889,apple,1.4,Intel,Corei5,quad,6000000,1.4_3.9,_2.0,Intel,IntelIrisPlus645,0,0,256000000000,13.3,QHD,0,0,1,0,0,0,0,1,0,AppleMacOS,8000000000,DDR3,32300000
dkp-4929105,dell,1.84,Intel,Corei7,1165g7,12000000,2.8,2.8,NVIDIA,GeForceMX330GDDR5,2000000000,1000000000000,512000000000,15.6,FullHD,0,1,0,0,2,1,0,1,0,0,16000000000,DDR4,32230000
dkp-4333876,hp,2.2,Intel,Corei7,10750H,12000000,-1,2.8,NVIDIA,GeForceGTX1650GDDR6,4000000000,0,512000000000,15.6,FullHD,0,1,0,0,3,0,0,1,0,MicrosoftWindows10,16000000000,DDR4,31920000
dkp-2843902,apple,1.29,Intel,Corei5,dual,6000000,1.1_3.5,_2.0,Intel,IntelIrisPlus,0,0,512000000000,13.3,QHD,0,0,1,0,0,0,0,1,0,AppleMacOS,8000000000,DDR4,31890000
dkp-3945182,lenovo,2.46,Intel,Corei7,10750H,12000000,2.6UPTO5.0,2.5_2.8,NVIDIA,GeforceGTX1650TI,4000000000,1000000000000,256000000000,15.6,FullHD,0,1,0,0,4,0,0,1,0,0,16000000000,DDR4,31590000
dkp-5157043,lenovo,2.46,AMD,Ryzen7,4800H,8000000,2.9_4.2,2.8,NVIDIA,GeforceGTX1660Ti,6000000000,1000000000000,256000000000,15.6,FullHD,0,1,0,0,4,0,0,1,0,0,16000000000,DDR4,31500000
dkp-2445318,hp,1.46,Intel,Corei5,1035G1,6000000,1.0,2.8,Intel,IntelUHDGraphics,0,0,256000000000,14,HD,0,1,0,0,2,0,0,1,0,MicrosoftWindows10,8000000000,DDR4,31500000
dkp-3785143,asus,1.09,AMD,Ryzen7,4700U,8000000,2.0,2.5_2.8,NVIDIA,NvidiaGeforcemx350,2000000000,0,1000000000000,14,FullHD,0,1,0,0,1,0,0,1,0,0,16000000000,DDR4,31500000
dkp-2845964,apple,1.4,Intel,Corei5,quad,6000000,1.4_3.9,_2.0,Intel,IntelIrisPlus645,0,0,256000000000,13.3,QHD,0,0,1,0,0,0,0,1,0,AppleMacOS,8000000000,DDR3,31499000
dkp-4929106,dell,1.84,Intel,Corei7,1165g7,12000000,2.8,2.8,NVIDIA,GeForceMX330GDDR5,2000000000,1000000000000,512000000000,15.6,FullHD,0,1,0,0,2,1,0,1,0,0,8000000000,DDR4,31000000
dkp-3332201,lenovo,2.39,Intel,Corei7,10750H,12000000,2.6,2.8,NVIDIA,GeForceGTX1650Ti,4000000000,0,512000000000,15.6,FullHD,0,1,0,0,3,0,0,1,0,MicrosoftWindows10,16000000000,DDR4,30970000
dkp-4521926,envy,1.3,Intel,Corei7,1165G7,12000000,1.20,2.8,Intel,IrisXGraphics,0,0,512000000000,13.3,FullHD,0,0,1,0,2,0,0,1,0,MicrosoftWindows10,8000000000,DDR4,30890000
dkp-4893467,dell,2.56,Intel,Corei7,10750H,12000000,2.6,2.5_2.8,NVIDIA,GeForceGTX1650GDDR6,4000000000,1000000000000,256000000000,15.6,FullHD,0,1,0,0,1,2,0,0,0,UbuntuLinux,16000000000,DDR4,30890000
dkp-2843863,apple,1.29,Intel,Corei5,dual,6000000,1.1_3.5,_2.0,Intel,IntelIrisPlus,0,0,512000000000,13.3,QHD,0,0,0,0,0,0,0,1,0,AppleMacOS,8000000000,DDR4,30864000
dkp-2837919,apple,1.29,Intel,Corei5,10thGeneration1030NG7,6000000,1.1_3.5,_2.0,Intel,IntelIrisPlus,0,0,512000000000,13.3,QHD,0,0,1,0,0,0,0,1,0,AppleMacOS,8000000000,DDR4,30864000
dkp-3681629,asus,1.4,Intel,Corei7,1065G7,8000000,1.3,2.8,NVIDIA,GeforceMX350,2000000000,0,1000000000000,14,FullHD,0,1,0,0,0,0,0,1,0,0,16000000000,DDR4,30850000
dkp-4929894,dell,1.84,Intel,Corei7,1165G7,12000000,2.8,2.8,NVIDIA,GeforceMX330,2000000000,0,512000000000,15.6,FullHD,0,1,0,0,2,1,0,1,0,0,16000000000,DDR4,30750000
dkp-3579826,lenovo,2.2,Intel,Corei7,10750H,12000000,2.6UPTO5.0,2.5_2.8,NVIDIA,GTX1650,4000000000,1000000000000,512000000000,15.6,FullHD,0,1,0,0,2,0,0,1,0,0,16000000000,DDR4,30700000
dkp-3612428,lenovo,1.9,Intel,Corei7,10510u,8000000,1.8_4.9,-1,AMD,RadeonRX640,2000000000,0,512000000000,15.6,FullHD,0,1,0,0,2,1,0,0,0,0,8000000000,DDR4,30700000
dkp-3716640,lenovothinkpad,1.9,Intel,Corei7,10510U,8000000,1.8UPTO4.9,_2.0,AMD,RX640GDDR5128BIT,2000000000,1000000000000,256000000000,15.6,FullHD,0,1,0,0,2,1,0,1,0,0,8000000000,DDR4,30600000
dkp-3944876,lenovo,2.46,Intel,Corei7,10750H,12000000,2.6UPTO5.0,2.5_2.8,NVIDIA,GTX1650TI,4000000000,1000000000000,128000000000,15.6,FullHD,0,1,0,0,4,0,0,1,0,0,16000000000,DDR4,30370000
dkp-3443631,huawei,1.32,Intel,Corei7,10510U,8000000,1.8_4.9,2.8,NVIDIA,GeForceMX250,2000000000,0,512000000000,13,2160x1440,0,0,0,0,0,0,0,1,0,0,16000000000,LPDDR3,30250000
dkp-3716027,lenovothinkpad,1.9,Intel,Corei7,10510U,8000000,1.8UPTO4.9,_2.0,AMD,RX640GDDR5128BIT,2000000000,1000000000000,128000000000,15.6,FullHD,0,1,0,0,2,1,0,1,0,0,8000000000,DDR4,30100000
dkp-4902401,dell,2,Intel,Corei3,8145U,4000000,2.1,_2.0,Intel,IntelUHDGraphics620,0,0,128000000000,15.6,HD,0,1,0,0,2,1,0,0,0,MicrosoftWindows10,8000000000,DDR4,30000000
dkp-3693064,acer,2.15,Intel,Corei5,10300H,8000000,2.50,2.8,NVIDIA,GTX1650GDDR6,4000000000,0,1000000000000,15.6,FullHD,0,1,0,0,2,1,0,1,0,0,8000000000,DDR4,29890000
dkp-3716720,lenovothinkpad,1.9,Intel,Corei7,10510U,8000000,1.8UPTO4.9,_2.0,AMD,RX640GDDR5128BIT,2000000000,1000000000000,0,15.6,FullHD,0,1,0,0,2,1,0,1,0,0,16000000000,DDR4,29850000
dkp-5017910,lenovo,2.2,Intel,Corei7,10750H,12000000,2.6,2.8,NVIDIA,GeforceGTX1650TI,4000000000,1000000000000,256000000000,15.6,FullHD,0,1,0,0,2,0,0,1,0,0,16000000000,DDR4,29700000
dkp-4929991,dell,1.84,Intel,Corei7,1165G7,12000000,2.8,2.8,NVIDIA,GeforceMX330,2000000000,0,512000000000,15.6,FullHD,0,1,0,0,2,1,0,1,0,0,8000000000,DDR4,29500000
dkp-5113426,hp,1.75,Intel,Corei7,1165G7,12000000,2.8,2.8,NVIDIA,GeForceMX450,2000000000,0,1000000000000,15.6,FullHD,0,1,0,0,2,0,0,1,0,0,8000000000,LPDDR4,29455000
dkp-3782021,dell,1.82,Intel,Corei5,8265U,6000000,1.6_3.9,2.8,Intel,UHD620,0,1000000000000,0,15.6,HD,0,1,0,0,3,0,0,1,0,0,8000000000,DDR4,29000000
dkp-3738670,apple,1.29,Apple,M1,AppleM1chip,12000000,-1,2.8,Apple,7coreApple,0,0,256000000000,13.3,QHD,0,0,1,0,0,0,1,0,0,AppleMacOS,8000000000,Unified,28999000
dkp-5202872,dell,2.68,Intel,Corei5,10thGenerationIntelCorei5,8000000,2.5Upto4.5,2.8,NVIDIA,GeForceGTX1650Ti,4000000000,1000000000000,256000000000,15.6,FullHD,0,1,1,0,1,2,0,1,0,MicrosoftWindows10,8000000000,DDR4,28900000
dkp-3738550,apple,1.29,Apple,M1,AppleM1chip,12000000,-1,2.8,Apple,7coreApple,0,0,256000000000,13.3,QHD,0,0,1,0,0,0,1,0,0,AppleMacOS,8000000000,Unified,28499000
dkp-3515784,asus,1.8,Intel,Corei7,1065G7,8000000,1.3_3.9,2.8,NVIDIA,GeForce,2000000000,0,512000000000,15.6,FullHD,0,1,0,0,1,2,0,1,0,0,16000000000,DDR4,28400000
dkp-5144575,lenovo,2.39,Intel,Corei7,10750H,12000000,2.6,2.8,NVIDIA,GeForceGTX1650,4000000000,0,512000000000,15.6,FullHD,0,1,0,0,3,0,0,1,0,0,8000000000,DDR4,27999000
dkp-3735138,apple,1.29,Apple,M1,AppleM1chip,12000000,-1,2.8,Apple,7coreApple,0,0,256000000000,13.3,QHD,0,0,1,0,0,0,1,1,0,AppleMacOS,8000000000,Unified,27999000
dkp-5182565,lenovo,1.5,AMD,Ryzen7,4700U,8000000,2.0,2.8,AMD,AMDRadeonGraphics,2000000000,0,512000000000,14,FullHD,0,1,0,0,2,0,0,1,0,MicrosoftWindows10,16000000000,DDR4,27900000
dkp-3419432,lenovo,2.2,Intel,Corei7,10750H,12000000,2.6UPTO5,2.8,NVIDIA,GeForceGTX1650,4000000000,1000000000000,256000000000,15.6,FullHD,0,1,0,0,1,0,0,1,0,0,16000000000,DDR4,27700000
dkp-3739328,lenovo,1.9,Intel,Corei7,10510u,8000000,1.8_4.9,2.8,AMD,RadeonRX640,2000000000,1000000000000,0,15.6,FullHD,0,1,0,0,2,1,0,0,0,0,8000000000,DDR4,27700000
dkp-3715878,lenovothinkpad,1.9,Intel,Corei7,10510U,8000000,1.8UPTO4.9,_2.0,AMD,RX640GDDR5128BIT,2000000000,1000000000000,0,15.6,FullHD,0,1,0,0,2,1,0,1,0,0,8000000000,DDR4,27900000
dkp-3911672,lenovo,1.9,Intel,Corei5,10510U,6000000,1.6UPTO4.2,_2.0,AMD,RX640GDDR5128BIT,2000000000,1000000000000,256000000000,15.6,FullHD,0,1,0,0,2,1,0,0,0,0,16000000000,DDR4,26850000
dkp-5006162,acer,1.8,Intel,Corei7,1065G7,8000000,1.3,2.8,NVIDIA,GeforceMX350,2000000000,2000000000000,256000000000,15.6,FullHD,0,1,0,0,2,1,0,1,0,MicrosoftWindows10,8000000000,DDR4,26799000
dkp-4647229,hp,2.34,Intel,Corei5,10300H,8000000,2.5,2.8,NVIDIA,GeForceGTX1660TiGDDR6,6000000000,0,512000000000,16.1,FullHD,0,1,0,0,2,1,0,1,0,MicrosoftWindows10,8000000000,DDR4,26799000
dkp-3738286,asus,1.75,Intel,Corei7,1065G7,8000000,1.3UPTO3.9,_2.0,NVIDIA,MX330,2000000000,1000000000000,256000000000,15.6,FullHD,0,1,0,0,1,2,0,1,0,0,8000000000,DDR4,26620000
dkp-5261492,lenovo,2.2,Intel,Corei5,10300H,8000000,2.5_4.5,2.8,NVIDIA,GTX1650GDDR6,4000000000,1000000000000,128000000000,15.6,FullHD,0,1,0,0,2,0,0,1,0,0,8000000000,DDR4,26500000
dkp-5183564,lenovo,1.66,Intel,Corei7,1165G7,12000000,2.8,2.8,NVIDIA,GeForceMX450,2000000000,1000000000000,256000000000,15.0,FullHD,0,1,0,0,2,0,0,1,0,0,16000000000,DDR4,26300000
dkp-2837471,apple,1.29,Intel,Corei3,dual,4000000,1.1_3.2,_2.0,Intel,IntelIrisPlus,0,0,256000000000,13.3,QHD,0,0,1,0,0,0,0,1,0,AppleMacOS,8000000000,DDR4,25999000
dkp-3765422,lenovo,2.2,Intel,Corei7,10750H,12000000,2.6,-1,NVIDIA,GeForceGTX1650,4000000000,0,512000000000,15.6,FullHD,0,1,0,0,0,0,0,0,0,0,8000000000,DDR4,25938400
dkp-5182301,lenovo,1.5,Intel,Corei7,10510U,8000000,1.8,2.8,NVIDIA,GeForceMX330GDDR564Bit,2000000000,1000000000000,256000000000,14,FullHD,0,1,0,0,2,1,0,0,0,0,12000000000,DDR4,25800000
dkp-5271207,dell,2.56,Intel,Corei5,10300H,8000000,2.5,2.8,NVIDIA,GeForceGTX1650GDDR6,4000000000,1000000000000,256000000000,15.6,FullHD,0,1,0,0,1,2,0,0,0,UbuntuLinux,16000000000,DDR4,25740000
dkp-4648968,asus,1.7,Intel,Corei7,1065G7,8000000,1.3,2.8,NVIDIA,GeforceMX330,2000000000,0,512000000000,14,FullHD,0,1,0,0,1,2,0,1,0,0,8000000000,DDR4,25500000
dkp-3892617,lenovo,1.9,Intel,Corei5,10510U,6000000,1.6UPTO4.2,_2.0,AMD,RX640GDDR5128BIT,2000000000,0,256000000000,15.6,FullHD,0,1,0,0,2,1,0,0,0,0,8000000000,DDR4,25200000
dkp-5182300,lenovo,1.5,Intel,Corei7,10510U,8000000,1.8,2.8,NVIDIA,GeForceMX330GDDR564Bit,2000000000,1000000000000,128000000000,14,FullHD,0,1,0,0,2,1,0,0,0,0,12000000000,DDR4,25200000
dkp-3690931,lenovo,2.2,Intel,Corei5,10300H,8000000,2.5UPTO4.5,2.5_2.8,NVIDIA,GTX1650GDDR6,4000000000,1000000000000,256000000000,15.6,FullHD,0,1,0,0,2,0,0,1,0,0,16000000000,DDR4,25100000
dkp-2837445,apple,1.29,Intel,Corei3,dual,4000000,1.1_3.2,_2.0,Intel,IntelIrisPlus,0,0,256000000000,13.3,QHD,0,0,1,0,0,0,0,1,0,AppleMacOS,4000000000,DDR4,25099000
dkp-2837419,apple,1.29,Intel,Corei3,dual,4000000,1.1_3.2,_2.0,Intel,IntelIrisPlus,0,0,256000000000,13.3,QHD,0,0,1,0,0,0,0,1,0,AppleMacOS,8000000000,DDR4,25050000
dkp-3139626,lenovo,2.2,Intel,Corei7,10510U,8000000,1.8_4.9,2.8,NVIDIA,GeForceMX130GDDR5,2000000000,1000000000000,0,15.6,FullHD,0,1,0,0,2,0,0,0,0,0,8000000000,DDR4,25000000
dkp-4676246,acer,2.1,Intel,Corei7,1065G7,8000000,1.3,2.8,NVIDIA,GeForceMX330,2000000000,1000000000000,256000000000,15.6,FullHD,0,1,0,0,2,1,0,0,0,0,8000000000,DDR4,24900000
dkp-5182298,lenovo,1.5,Intel,Corei7,10510U,8000000,1.8,2.8,NVIDIA,GeForceMX330GDDR564Bit,2000000000,1000000000000,256000000000,14,FullHD,0,1,0,0,2,1,0,0,0,0,8000000000,DDR4,24900000
dkp-5074579,lenovo,1.75,Intel,Corei5,10210U,6000000,1.8_4.9,2.8,AMD,RadeonRX640,2000000000,1000000000000,512000000000,14,FullHD,0,1,0,0,2,1,0,1,0,0,16000000000,DDR4,24900000
dkp-4886351,asus,2,Intel,Corei7,1065G7,8000000,1.3,2.8,NVIDIA,GeforceMX130,2000000000,1000000000000,0,15.6,FullHD,0,0,0,0,0,2,0,1,0,0,8000000000,DDR4,24800000
dkp-3373886,hp,2,Intel,Corei7,10510U,8000000,1.8_4.9,_2.0,NVIDIA,GeForce,2000000000,1000000000000,0,15.6,FullHD,0,1,0,0,2,1,0,1,0,0,8000000000,DDR4,24700000
dkp-3430296,asus,1.8,Intel,Corei7,8565U,8000000,-1,2.8,NVIDIA,MX250,2000000000,0,512000000000,14,FullHD,0,1,0,0,1,2,0,1,0,0,16000000000,DDR3,24600000
dkp-5074734,lenovo,1.75,Intel,Corei5,10210U,6000000,1.8_4.9,2.8,AMD,RadeonRX640,2000000000,1000000000000,256000000000,14,FullHD,0,1,0,0,2,1,0,1,0,0,16000000000,DDR4,24500000
dkp-3660746,asus,1.7,Intel,Corei7,10510U,8000000,1.80_4.90,2.8,NVIDIA,GEFORCEMX110,2000000000,1000000000000,0,15.6,FullHD,0,1,0,0,1,2,0,1,0,0,8000000000,DDR4,24500000
dkp-5182213,lenovo,1.5,Intel,Corei7,10510U,8000000,1.8,2.8,NVIDIA,GeForceMX330GDDR564Bit,2000000000,1000000000000,128000000000,14,FullHD,0,1,0,0,2,1,0,0,0,0,8000000000,DDR4,24500000
dkp-4894442,dell,2.56,Intel,Corei5,10300H,8000000,2.5,2.5_2.8,NVIDIA,GeForceGTX1650GDDR6,4000000000,1000000000000,256000000000,15.6,FullHD,0,1,0,0,1,2,0,0,0,UbuntuLinux,8000000000,DDR4,24230000
dkp-2450330,hp,1.46,Intel,Corei3,8145U,4000000,2.1_3.9,-1,Intel,IntelUHDGraphics620,0,0,128000000000,14,HD,0,1,0,0,2,0,0,1,0,MicrosoftWindows10,4000000000,DDR4,24150000
dkp-5006284,lenovo,1.7,Intel,Corei7,10510U,8000000,1.80,2.8,NVIDIA,NVIDIAGeforceMX330,2000000000,1000000000000,256000000000,15.6,FullHD,0,1,0,0,2,1,0,0,0,0,12000000000,DDR4,24000000
dkp-3891076,lenovo,1.9,Intel,Corei5,10510U,8000000,1.6UPTO4.2,_2.0,AMD,RX640GDDR5128BIT,2000000000,0,256000000000,15.6,FullHD,0,1,0,0,2,1,0,0,0,0,8000000000,DDR4,23990000
dkp-3690851,lenovo,2.2,Intel,Corei5,10300H,8000000,2.5UPTO4.5,2.5_2.8,NVIDIA,GTX1650GDDR6,4000000000,1000000000000,128000000000,15.6,FullHD,0,1,0,0,2,0,0,1,0,0,16000000000,DDR4,23900000
dkp-3634340,asus,1.9,Intel,Corei7,10510U,8000000,1.8_4.9,2.8,NVIDIA,GEFORCEMX230,2000000000,1000000000000,0,15.6,FullHD,0,1,0,0,1,2,0,1,0,0,8000000000,DDR4,23850000
dkp-5182299,lenovo,1.5,Intel,Corei7,10510U,8000000,1.8,2.8,NVIDIA,GeForceMX330GDDR564Bit,2000000000,1000000000000,0,14,FullHD,0,1,0,0,2,1,0,0,0,0,12000000000,DDR4,23800000
dkp-4052916,lenovo,1.7,Intel,Corei5,1035G1,6000000,1.0UPTO3.6,_2.0,AMD,Radeon630,2000000000,1000000000000,256000000000,15.6,FullHD,0,1,0,0,2,1,0,1,0,0,16000000000,DDR4,23500000
dkp-5085994,lenovothinkpad,1.75,Intel,Corei5,10210U,6000000,1.8,2.8,AMD,RadeonRX640,2000000000,1000000000000,128000000000,14,FullHD,0,1,0,0,2,1,0,1,0,0,16000000000,DDR4,23400000
dkp-5173144,lenovo,1.86,AMD,Ryzen7,3700U,4000000,2.3_4,2.8,AMD,IntegratedAMDRadeonRXVega10Graphics,2000000000,0,512000000000,15.6,FullHD,0,1,0,0,1,0,0,1,0,MicrosoftWindows10,12000000000,DDR4,23400000
dkp-3419830,asus,1.7,Intel,Corei5,1035G1,6000000,-1,-1,NVIDIA,GeForce,2000000000,1000000000000,256000000000,15.6,FullHD,0,1,0,0,0,0,0,0,0,0,8000000000,DDR4,23230000
dkp-3164074,huawei,1.62,Intel,Corei5,10210U,6000000,1.6_4.2,_2.0,NVIDIA,GeForceMX250,2000000000,1000000000000,256000000000,15.6,FullHD,0,1,0,0,1,1,0,1,0,0,8000000000,DDR4,22990000
dkp-4868910,lenovo,2.2,Intel,Corei7,10510U,8000000,1.8_4.9,2.8,NVIDIA,GeForceMX330GDDR5,2000000000,1000000000000,0,15.6,HD,0,1,0,0,2,0,0,0,0,0,8000000000,DDR4,22899000
dkp-5121958,lenovo,1.75,Intel,Corei7,10510U,8000000,1.8,2.8,NVIDIA,GeforceMX330,2000000000,1000000000000,0,14,FullHD,0,1,0,0,2,1,0,0,0,0,8000000000,DDR4,22700000
dkp-5112920,asus,2,Intel,Corei5,1035G1,8000000,1.3,2.8,NVIDIA,GeforceMX130,2000000000,1000000000000,256000000000,15.6,FullHD,0,0,0,0,0,2,0,1,0,0,12000000000,DDR4,22640000
dkp-4053065,lenovo,1.7,Intel,Corei5,1035G1,6000000,1.0UPTO3.6,_2.0,AMD,Radeon630,2000000000,1000000000000,128000000000,15.6,FullHD,0,1,0,0,2,1,0,1,0,0,16000000000,DDR4,22600000
dkp-4053273,lenovo,1.7,Intel,Corei5,1035G1,6000000,1.0UPTO3.6,_2.0,AMD,Radeon630,2000000000,1000000000000,256000000000,15.6,FullHD,0,1,0,0,2,1,0,1,0,0,8000000000,DDR4,22600000
dkp-5114119,lenovo,1.85,Intel,Corei5,1035G1,6000000,1.0,2.8,NVIDIA,GeforceMX330,2000000000,1000000000000,256000000000,15.6,HD,0,1,0,0,2,1,0,0,0,0,12000000000,DDR4,22500000
dkp-5087941,lenovo,1.75,Intel,Corei5,10210U,6000000,1.8,2.8,AMD,RadeonRX640,2000000000,1000000000000,256000000000,14,FullHD,0,1,0,0,1,1,0,1,0,0,8000000000,DDR4,22500000
dkp-5183780,lenovo,1.66,Intel,Corei5,1135G7,8000000,2.4,2.8,NVIDIA,GeForceMX450,2000000000,1000000000000,128000000000,15.0,FullHD,0,1,0,0,2,0,0,1,0,0,8000000000,DDR4,22490000
dkp-3508370,huawei,1.32,Intel,Corei5,10210U,6000000,1.6_4.2,2.8,NVIDIA,GeForceMX250,2000000000,0,512000000000,13,2160x1440,0,1,0,0,1,0,0,1,0,0,8000000000,LPDDR3,22380000
dkp-5085923,lenovothinkpad,1.75,Intel,Corei5,10210U,6000000,1.8,2.8,AMD,RadeonRX640,2000000000,1000000000000,0,14,FullHD,0,1,0,0,2,1,0,1,0,0,16000000000,DDR4,22300000
dkp-3700189,lenovothinkpad,1.75,Intel,Corei5,10210U,6000000,1.6UPTO4.2,_2.0,AMD,RX640GDDR5128BIT,2000000000,1000000000000,128000000000,14,FullHD,0,1,0,0,2,1,0,1,0,0,8000000000,DDR4,22300000
dkp-4888700,huawei,1.38,Intel,Corei5,10210U,6000000,1.6,2.8,Intel,GeForceMX250,2000000000,0,512000000000,14,FullHD,0,1,0,0,1,1,0,1,0,MicrosoftWindows10,8000000000,DDR4,22190000
dkp-5249804,lenovo,1.66,Intel,Corei5,1135G7,8000000,2.4,2.8,NVIDIA,GeForceMX4502000000000GDDR6,2000000000,0,512000000000,15.6,FullHD,0,1,0,0,2,0,0,1,0,0,8000000000,DDR4,22000000
dkp-3975161,asus,1.9,Intel,Corei5,10210U,6000000,1.6UPTO4.2,_2.0,NVIDIA,GeforceMX230,2000000000,1000000000000,0,15.6,FullHD,0,1,0,0,2,1,0,0,0,0,12000000000,DDR4,21960000
dkp-4878098,lenovo,1.5,Intel,Corei5,1135G7,8000000,4.2,2.8,Intel,IntegratedIntelIrisXeGraphics,0,0,256000000000,14,FullHD,0,1,0,0,1,0,0,1,0,MicrosoftWindows10,8000000000,DDR4,21950000
dkp-3975393,asus,1.9,Intel,Corei5,10210U,6000000,1.6UPTO4.2,_2.0,NVIDIA,GeforceMX230,2000000000,1000000000000,0,15.6,FullHD,0,1,0,0,2,1,0,0,0,0,8000000000,DDR4,21840000
dkp-4053416,unknown,1.7,Intel,Corei5,1035G1,6000000,1.0UPTO3.6,_2.0,AMD,Radeon630,2000000000,1000000000000,128000000000,15.6,FullHD,0,1,0,0,2,1,0,1,0,0,8000000000,DDR4,21700000
dkp-3433084,asus,1.7,Intel,Corei5,1035ّG1,6000000,1.0_3.6,2.8,NVIDIA,MX110,2000000000,1000000000000,0,15.6,FullHD,0,1,0,0,1,2,0,1,0,Boot,8000000000,DDR4,21700000
dkp-4310296,acer,2.2,AMD,Ryzen7,3700U,4000000,2.1UPTO3.7,2.8,AMD,VEGA8,2000000000,1000000000000,0,15.6,FullHD,0,1,0,0,2,1,0,0,0,0,12000000000,DDR4,21600000
dkp-5114083,lenovo,1.85,Intel,Corei5,1035G1,6000000,1.0,2.8,NVIDIA,GeforceMX330,2000000000,1000000000000,128000000000,15.6,HD,0,1,0,0,2,1,0,0,0,0,8000000000,DDR4,21500000
dkp-3994614,lenovo,1.7,Intel,Corei5,1035G1,6000000,1.0UPTO3.6,_2.0,AMD,Radeon630,2000000000,1000000000000,0,15.6,FullHD,0,1,0,0,2,1,0,1,0,0,16000000000,DDR4,21500000
dkp-4877190,asus,1.9,Intel,Corei5,10210U,6000000,1.6_4.2,2.8,NVIDIA,GEFORCEMX110,2000000000,1000000000000,0,15.6,FullHD,0,1,0,0,1,2,0,1,0,0,12000000000,DDR4,21500000
dkp-4421236,lenovo,1.9,Intel,Corei5,10210U,6000000,1.6,2.8,AMD,RadeonRX640,2000000000,1000000000000,0,15.6,FullHD,0,1,0,0,2,1,0,1,0,0,8000000000,DDR4,21499000
dkp-2905622,lenovo,2.2,Intel,Corei5,10210U,6000000,1.6_4.2,2.8,NVIDIA,GeforceMX130,2000000000,1000000000000,0,15.6,FullHD,0,1,0,0,2,0,0,1,0,0,8000000000,DDR4,21310000
dkp-2897028,lenovo,2.2,Intel,Corei5,10210U,6000000,1.6UPTO4.2,_2.0,NVIDIA,MX130,2000000000,1000000000000,0,15.6,FullHD,0,1,0,0,2,0,0,1,0,0,4000000000,DDR4,21000000
dkp-1092742,microsoft,1.25,Intel,Corei5,IntelCorei5QuadCore8thGeneration(8250U),6000000,1.7_3.4,_2.0,Intel,IntelUHDGraphics620,0,0,256000000000,13.5,2256x1504,0,0,0,0,1,0,0,0,0,MicrosoftWindows10,8000000000,DDR3,20990000
dkp-5072347,asus,2,Intel,Corei5,1035G1,6000000,1.0,2.8,NVIDIA,GeforceMX130,2000000000,1000000000000,0,15.6,FullHD,0,0,0,0,0,2,0,1,0,0,8000000000,DDR4,21150000
dkp-3441470,huawei,1.62,AMD,Ryzen5,3500U,4000000,2.1_3.7,2.2_2.5,AMD,RadeonVega8,2000000000,1000000000000,256000000000,15.6,FullHD,0,1,0,0,1,1,0,1,0,0,8000000000,DDR4,20500000
dkp-3694797,lenovothinkpad,1.75,Intel,Corei5,10210U,6000000,1.6UPTO4.2,_2.0,AMD,RX640GDDR5,2000000000,1000000000000,0,14,FullHD,0,1,0,0,2,1,0,1,0,0,8000000000,DDR4,20390000
dkp-3094745,hp,2.04,Intel,Corei5,10210U,6000000,1.6_4.2,_2.0,NVIDIA,GeForce,4000000000,1000000000000,0,15.6,HD,0,1,0,0,2,1,0,0,0,0,8000000000,DDR4,20240000
dkp-4194474,hp,1.8,AMD,Ryzen5,3500U,6000000,2.1,2.8,AMD,RadeonVega8,2000000000,1000000000000,5400,15.6,FullHD,0,1,0,0,2,1,0,0,0,0,12000000000,DDR4,20200000
dkp-1942731,lenovo,2.1,Intel,Corei5,8250U,6000000,1.6UPTO3.4,_2.0,NVIDIA,MX110,2000000000,1000000000000,0,15.6,HD,0,1,0,0,1,1,0,0,0,0,4000000000,DDR4,20100000
dkp-3105250,hp,2.04,Intel,Corei5,10210U,6000000,1.6UPTO4.2,_2.0,NVIDIA,MX130,4000000000,1000000000000,0,15.6,HD,0,1,0,0,2,1,0,0,0,0,8000000000,DDR4,20200000
dkp-4205442,lenovo,2.2,AMD,Ryzen5,3500U,4000000,2.1UPTO3.7,2.8,AMD,VEGA8,2000000000,1000000000000,256000000000,15.6,HD,0,1,0,0,2,0,0,0,0,0,12000000000,DDR4,19900000
dkp-5088365,asus,1.8,Intel,Corei5,1035G1,6000000,1.0,2.8,NVIDIA,GeforceMX130,2000000000,1000000000000,0,15.6,FullHD,0,1,0,0,1,2,0,1,0,0,8000000000,DDR4,19840000
dkp-4868088,lenovo,1.75,Intel,Corei5,10210U,6000000,1.6_4.2,2.8,NVIDIA,GeforceMX130,2000000000,1000000000000,0,15.6,FullHD,0,1,0,0,2,1,0,0,0,0,8000000000,DDR4,19980000
dkp-2451388,lenovo,1.7,Intel,Corei5,10210U,6000000,1.6Upto4.2,_2.0,AMD,RADEON620,2000000000,1000000000000,0,15.6,FullHD,0,1,0,0,2,1,0,1,0,0,8000000000,DDR4,19800000
dkp-4934636,asus,1.8,Intel,Corei3,1115G4,6000000,3_4.10,2.8,NVIDIA,GeforceMX330,2000000000,1000000000000,256000000000,15.6,FullHD,0,1,0,0,1,2,0,1,0,0,8000000000,DDR4,19870000
dkp-3920166,asus,1.8,Intel,Corei5,1035G1,6000000,1.0UPTO3.6,_2.0,NVIDIA,MX110,2000000000,1000000000000,0,15.6,FullHD,0,1,0,0,1,2,0,1,0,0,8000000000,DDR4,19350000
dkp-3793443,hp,1.8,AMD,Ryzen5,2500U,4000000,2.0,2.8,AMD,RadeonVegaGraphics,1000000000,1000000000000,240000000000,15.6,FullHD,0,1,0,0,2,1,0,0,0,Boot,16000000000,DDR4,19228000
dkp-3436861,asus,1.7,Intel,Corei3,1005G1,4000000,1.2_3.4,2.8,NVIDIA,GeForce,2000000000,1000000000000,1000000000000,15.6,FullHD,0,1,0,0,2,1,0,1,0,0,8000000000,DDR4,19000000
dkp-2036593,lenovo,2.2,AMD,Ryzen5,R5,4000000,2.1UPTO3.7,2.0_2.2,AMD,RadeonRXVega8,2000000000,1000000000000,0,15.6,HD,0,1,0,0,2,0,0,1,0,0,8000000000,DDR4,18990000
dkp-3409565,asus,1.7,Intel,Corei5,1035G1,6000000,-1,-1,NVIDIA,GeForce,2000000000,1000000000000,0,15.6,FullHD,0,1,0,0,0,0,0,0,0,0,4000000000,DDR4,18940000
dkp-2449795,hp,1.43,Intel,Corei3,7100U,3000000,2.4,-1,Intel,IntelHDGraphics620,0,0,128000000000,14,HD,0,1,0,0,2,0,0,1,0,MicrosoftWindows10,4000000000,DDR4,18900000
dkp-3706425,acer,2.1,Intel,Corei5,1035G1,-1,-1,-1,NVIDIA,GeforceMX330,2000000000,1000000000000,0,15.6,FullHD,0,1,0,0,0,0,0,0,0,0,8000000000,DDR4,18850000
dkp-4887677,hp,1.75,Intel,Corei5,1135G7,8000000,_4.2,2.8,NVIDIA,GeforceMX350,2000000000,0,256000000000,15.6,HD,0,1,0,0,0,0,0,1,0,0,4000000000,DDR4,18700000
dkp-5242929,lenovo,2.2,AMD,Ryzen5,3500U,4000000,2.1UPTO3.7,2.8,AMD,IntegratedAMDRadeonVega8Graphics,2000000000,1000000000000,256000000000,15.6,FullHD,0,1,0,0,2,0,0,1,0,0,16000000000,DDR4,18430000
dkp-2441682,hp,2.2,Intel,Corei3,7100U,3000000,2.4,-1,Intel,IntelHDGraphics620,0,1000000000000,0,15.6,HD,0,1,0,0,2,1,0,0,0,MicrosoftWindows10,4000000000,DDR4,18375000
dkp-3327078,hp,1.8,AMD,Ryzen5,2500U,-1,-1,2.8,AMD,RadeonVegaGraphics,1000000000,1000000000000,0,15.6,FullHD,0,1,0,0,2,1,0,0,0,Boot,12000000000,DDR4,18100000
dkp-2538161,lenovo,2.2,AMD,Ryzen5,R5,4000000,2.1UPTO3.7,2.0_2.2,AMD,AMDRadeonRXVega8,2000000000,1000000000000,0,15.6,HD,0,1,0,0,2,0,0,1,0,0,12000000000,DDR4,17852200
dkp-3951069,lenovo,2.1,AMD,Ryzen5,3500U,4000000,2.1UPTO3.7,2.0_2.2,AMD,VEGA8,2000000000,1000000000000,0,15.6,HD,0,1,0,0,2,0,0,0,0,0,8000000000,DDR4,17550000
dkp-5155589,lenovo,1.75,AMD,Ryzen5,3500U,4000000,2.1_3.7,2.8,AMD,IntegratedAMDRadeonVega8Graphics,0,0,256000000000,15.6,FullHD,0,1,0,0,0,0,0,0,0,MicrosoftWindows10,8000000000,DDR4,17500000
dkp-5243834,lenovo,1.75,Intel,Corei3,1005G1,4000000,2.1Upto4.1,2.8,NVIDIA,GeforceMX330,2000000000,1000000000000,0,15.6,HD,0,1,0,0,2,1,0,0,0,0,12000000000,DDR4,17400000
dkp-5243051,unknown,2.2,AMD,Ryzen5,3500U,4000000,2.1UPTO3.7,2.8,AMD,IntegratedAMDRadeonVega8Graphics,2000000000,1000000000000,256000000000,15.6,FullHD,0,1,0,0,2,0,0,1,0,0,8000000000,DDR4,17290000
dkp-5150077,lenovo,1.7,Intel,Corei3,1115G4,6000000,3.0,2.8,Intel,UHDGraphics,0,0,512000000000,15.6,FullHD,0,1,0,0,2,0,0,1,0,0,12000000000,DDR4,17250000
dkp-3576805,lenovo,2.2,Intel,Corei3,10110U,4000000,2.1UPTO4.1,2.0_2.2,NVIDIA,MX130,2000000000,1000000000000,0,15.6,HD,0,1,0,0,2,0,0,1,0,0,4000000000,DDR4,17030000
dkp-4356912,hp,2.0,AMD,Ryzen5,3500U,4000000,2.10_3.70,2.8,AMD,RadeonVega8,2000000000,1000000000000,0,15.6,FullHD,0,1,0,0,2,1,0,0,0,0,8000000000,DDR4,16990000
dkp-3327134,hp,1.8,AMD,Ryzen5,2500U,-1,-1,2.8,AMD,RadeonVegaGraphics,1000000000,1000000000000,0,15.6,FullHD,0,1,0,0,2,1,0,0,0,Boot,8000000000,DDR4,16900000
dkp-4886217,asus,2,Intel,Corei3,1005G1,4000000,1.2,2.8,NVIDIA,GeforceMX130,2000000000,1000000000000,0,15.6,FullHD,0,0,0,0,0,2,0,1,0,0,4000000000,DDR4,16620000
dkp-4065969,hp,1.8,AMD,BristolRidge,A9,1000000,3.0UPTO3.7,2.8,AMD,RadeonR5M530,2000000000,1000000000000,0,15.6,HD,0,1,0,0,2,1,0,0,0,0,4000000000,DDR4,16600000
dkp-5243833,lenovo,1.75,Intel,Corei3,1005G1,4000000,2.1Upto4.1,2.8,NVIDIA,GeforceMX330,2000000000,1000000000000,0,15.6,HD,0,1,0,0,2,1,0,0,0,0,8000000000,DDR4,16590000
dkp-4460123,dell,1.84,Intel,Corei3,1005G1,4000000,1.2,2.8,Intel,IntelUHD,0,1000000000000,250000000000,15.6,HD,0,1,0,0,2,1,0,0,0,0,8000000000,DDR4,16549000
dkp-5184362,dell,1.5,Intel,Corei3,1005G1,4000000,1.2,2.8,Intel,IntelUHDGraphics,0,1000000000000,250000000000,14,HD,0,1,0,0,2,1,0,0,0,0,8000000000,DDR4,16434050
dkp-5150075,lenovo,1.7,Intel,Corei3,1115G4,6000000,3.0,2.8,Intel,UHDGraphics,0,0,512000000000,15.6,FullHD,0,1,0,0,2,0,0,1,0,0,8000000000,DDR4,16250000
dkp-5270204,acer,2.1,Intel,Corei3,1005G1,4000000,3.4,2.0_2.2,NVIDIA,mx330,2000000000,1000000000000,0,15.6,FullHD,1,1,0,0,2,1,0,0,0,0,4000000000,DDR4,16200000
dkp-2062874,lenovo,2.19,AMD,Ryzen5,3500U,4000000,2.10_3.70,2.8,AMD,RadeonVega8,2000000000,1000000000000,0,15.6,HD,0,1,0,0,2,0,0,1,0,0,8000000000,DDR4,16182000
dkp-3932337,unknown,2.2,AMD,Ryzen5,Ryzen53500U,4000000,2.1,2.0_2.2,AMD,AmdIntegrated,0,1000000000000,0,15.6,FullHD,0,1,0,0,2,0,0,1,0,0,8000000000,DDR4,16182000
dkp-5243571,lenovo,1.75,Intel,Corei3,1005G1,4000000,2.1Upto4.1,2.8,NVIDIA,GeforceMX330,2000000000,1000000000000,0,15.6,HD,0,1,0,0,2,1,0,0,0,0,4000000000,DDR4,15990000
dkp-4988318,hp,2.2,Intel,Corei3,1115G4,6000000,1.7,2.8,Intel,Integrated620,0,0,256000000000,15.6,HD,0,1,0,0,3,0,0,1,0,0,8000000000,DDR4,15980000
dkp-2897696,lenovo,2.1,Intel,Corei3,8130U,4000000,2.2,2.0_2.2,NVIDIA,GeforceMX110,2000000000,1000000000000,0,15.6,HD,0,1,0,0,2,0,0,0,0,MicrosoftWindows10,4000000000,DDR4,15900000
dkp-3433146,asus,1.9,Intel,Corei3,1005G1,4000000,1.2_3.4,_2.0,Intel,gpu_model,0,1000000000000,0,15.6,FullHD,0,1,0,0,1,2,0,1,0,Boot,4000000000,DDR4,15830000
dkp-5071016,lenovo,1.75,Intel,Corei3,1005G1,4000000,1.2,2.8,Intel,UHDGraphics,0,1000000000000,256000000000,15.6,FullHD,0,1,0,0,2,1,0,0,0,0,12000000000,DDR4,15800000
dkp-3727454,hp,2,AMD,Ryzen3,2200U,4000000,2.5_3.4,2.5_2.8,AMD,Radeon,1000000000,1000000000000,250000000000,15.6,HD,0,1,0,0,2,1,0,0,0,0,8000000000,DDR4,15750000
dkp-2062048,lenovo,2.19,AMD,Ryzen5,3500U,4000000,2.10_3.70,2.8,AMD,RadeonVega8,2000000000,1000000000000,0,15.6,HD,0,1,0,0,2,0,0,1,0,0,4000000000,DDR4,15717000
dkp-4946656,lenovo,1.5,AMD,Ryzen3,4300U,4000000,2.7,2.8,AMD,IntegratedAMDRadeonGraphics,512000000,0,128000000000,14,FullHD,0,1,0,0,2,0,1,1,0,0,4000000000,DDR4,15714000
dkp-3405844,lenovo,2.05,Intel,Corei3,8130U,4000000,2.2UPTO3.4,2.2_2.5,AMD,RADEON430,2000000000,1000000000000,0,15.6,HD,0,1,0,0,1,1,0,0,0,0,12000000000,DDR4,15700000
dkp-5134569,lenovo,1.6,AMD,Ryzen3,3250U,4000000,2.6,2.8,AMD,VEGA3,0,1000000000000,128000000000,14,HD,0,1,0,0,2,1,0,0,0,0,12000000000,DDR4,15600000
dkp-5122394,lenovo,2.5,AMD,Ryzen3,3200U,4000000,2.6,2.5_2.8,AMD,IntegratedAMDRadeonVega3Graphics,512000000,1000000000000,128000000000,15.6,HD,0,1,0,0,2,0,0,1,0,0,8000000000,DDR4,15600000
dkp-3822815,lenovo,1.75,Intel,Pentium,PentiumGold6405U,2000000,2.4,2.2_2.5,NVIDIA,MX130,2000000000,1000000000000,128000000000,15.6,HD,0,1,0,0,2,1,0,0,0,0,8000000000,DDR4,15500000
dkp-5059952,lenovo,1.75,Intel,Corei3,1005G1,4000000,1.2,2.8,Intel,UHDGraphics,0,1000000000000,256000000000,15.6,FullHD,0,1,0,0,2,1,0,0,0,0,8000000000,DDR4,15500000
dkp-5070800,lenovoideapad,1.75,Intel,Corei3,1005G1,4000000,1.2,2.8,Intel,UHDGraphics,0,1000000000000,128000000000,15.6,FullHD,0,1,0,0,2,1,0,0,0,0,12000000000,DDR4,15300000
dkp-1937254,lenovo,2.1,AMD,BristolRidge,A6,-1,-1,-1,AMD,Radeon,512000000,1000000000000,0,15.6,HD,0,1,0,0,0,0,0,0,0,MicrosoftWindows10,8000000000,DDR4,15199000
dkp-5133383,lenovo,1.6,AMD,Ryzen3,3250U,4000000,2.6,2.8,AMD,VEGA3,0,1000000000000,256000000000,14,HD,0,1,0,0,2,1,0,0,0,0,8000000000,DDR4,15100000
dkp-5150080,lenovo,1.7,Intel,Corei3,1115G4,6000000,3.0,2.8,Intel,UHDGraphics,0,1000000000000,0,15.6,FullHD,0,1,0,0,2,0,0,1,0,0,12000000000,DDR4,15100000
dkp-5150076,lenovo,1.7,Intel,Corei3,1115G4,6000000,3.0,2.8,Intel,UHDGraphics,0,0,256000000000,15.6,FullHD,0,1,0,0,2,0,0,1,0,0,12000000000,DDR4,15050000
dkp-4019488,dell,1.84,Intel,Corei3,1005G1,4000000,1.2_3.4,2.8,Intel,Intel,0,1000000000000,0,15.6,HD,0,1,0,0,2,1,0,0,0,0,8000000000,DDR4,15029000
dkp-4022371,lenovo,2.1,Intel,Corei3,8130U,4000000,2.2,2.0_2.2,Intel,Intel,0,1000000000000,0,15.6,FullHD,0,1,0,0,2,1,0,0,0,MicrosoftWindows10,12000000000,DDR4,14990000
dkp-3834094,dell,1.5,Intel,Corei3,10thNEWGenprocessorIntel(R)Core(TM)i3,4000000,3.40,2.8,Intel,IntelUHDGraphicsG1,0,1000000000000,0,14,HD,0,1,0,0,2,0,0,0,0,0,8000000000,DDR4,14867500
dkp-5243757,lenovo,1.75,Intel,Corei3,1005G1,4000000,1.2_3.4,2.8,Intel,UHDGraphics,0,1000000000000,256000000000,15.6,HD,0,1,0,0,2,1,0,0,0,0,12000000000,DDR4,14700000
dkp-5062128,lenovo,1.85,Intel,Corei3,1005G1,4000000,1.2,2.8,Intel,UHDGraphics,0,1000000000000,256000000000,15.6,HD,0,1,0,0,3,0,0,0,0,0,8000000000,DDR4,14600000
dkp-3279659,acer,2.2,AMD,Ryzen3,3200U,4000000,2.6UPTO3.5,2.5_2.8,AMD,VEGA3,0,1000000000000,0,15.6,FullHD,0,1,0,0,2,1,0,0,0,0,8000000000,DDR4,14500000
dkp-5243754,lenovo,1.75,Intel,Corei3,1005G1,4000000,1.2_3.4,2.8,Intel,UHDGraphics,0,1000000000000,256000000000,15.6,HD,0,1,0,0,2,1,0,0,0,0,8000000000,DDR4,14500000
dkp-2897803,lenovo,2.2,Intel,Corei3,10110U,4000000,2.1_4.1,2.8,Intel,Intel,0,1000000000000,0,15.6,HD,0,1,0,0,2,0,0,1,0,0,12000000000,DDR4,14500000
dkp-5243138,lenovo,2.2,AMD,Ryzen3,3200U,4000000,2.6,2.8,AMD,IntegratedAMDRadeonVega3Graphics,512000000,1000000000000,128000000000,15.6,HD,0,1,0,0,2,0,0,0,0,0,12000000000,DDR4,14440000
dkp-2283784,lenovo,2.2,AMD,Ryzen5,(AMDRyzen53500U(4C,4000000,2.1,2.8,AMD,IntegratedRadeonVega8,2000000000,1000000000000,0,15.6,HD,0,1,0,0,2,0,0,1,0,0,4000000000,DDR4,14400000
dkp-5150079,lenovo,1.7,Intel,Corei3,1115G4,6000000,3.0,2.8,Intel,UHDGraphics,0,1000000000000,0,15.6,FullHD,0,1,0,0,2,0,0,1,0,0,8000000000,DDR4,14300000
dkp-5150074,lenovo,1.7,Intel,Corei3,1115G4,6000000,3.0,2.8,Intel,UHDGraphics,0,0,256000000000,15.6,FullHD,0,1,0,0,2,0,0,1,0,0,8000000000,DDR4,14200000
dkp-5133482,lenovo,1.6,AMD,Ryzen3,3250U,4000000,2.6,2.8,AMD,VEGA3,0,1000000000000,0,14,HD,0,1,0,0,2,1,0,0,0,0,12000000000,DDR4,14200000
dkp-5243756,lenovo,1.75,Intel,Corei3,1005G1,4000000,1.2_3.4,2.8,Intel,UHDGraphics,0,1000000000000,128000000000,15.6,HD,0,1,0,0,2,1,0,0,0,0,12000000000,DDR4,14190000
dkp-5059953,lenovo,1.75,Intel,Corei3,1005G1,4000000,1.2,2.8,Intel,UHDGraphics,0,1000000000000,0,15.6,FullHD,0,1,0,0,2,1,0,0,0,0,12000000000,DDR4,14100000
dkp-5062127,lenovo,1.85,Intel,Corei3,1005G1,4000000,1.2,2.8,Intel,UHDGraphics,0,1000000000000,128000000000,15.6,HD,0,1,0,0,3,0,0,0,0,0,8000000000,DDR4,14000000
dkp-5059923,lenovo,1.75,Intel,Corei3,1005G1,4000000,1.2,2.8,Intel,UHDGraphics,0,1000000000000,0,15.6,FullHD,0,1,0,0,2,1,0,0,0,0,8000000000,DDR4,13900000
dkp-5243753,lenovo,1.75,Intel,Corei3,1005G1,4000000,1.2_3.4,2.8,Intel,UHDGraphics,0,1000000000000,128000000000,15.6,HD,0,1,0,0,2,1,0,0,0,0,8000000000,DDR4,13900000
dkp-4898079,lenovo,1.9,Intel,Corei3,10110U,4000000,2.10UPTO4.10,_2.0,Intel,Integrated620,0,1000000000000,0,15.6,FullHD,0,1,0,0,2,1,0,1,0,0,4000000000,DDR4,13899000
dkp-5157101,lenovo,1.87,AMD,Ryzen3,3250,4000000,2.6_3.5,2.8,AMD,VEGA3,2000000000,1000000000000,128000000000,15.0,HD,0,1,0,0,2,1,0,0,0,MicrosoftWindows10,8000000000,DDR4,13890000
dkp-4877515,asus,2,Intel,Corei3,1005,4000000,1.2,2.8,Intel,UHDGraphics620,0,1000000000000,0,15.6,FullHD,0,0,0,0,0,2,0,1,0,0,4000000000,DDR4,13940000
dkp-4331681,acer,2.2,Intel,Corei3,1005,4000000,2.2,2.0_2.2,NVIDIA,GeforceMX330,2000000000,1000000000000,0,15.6,HD,0,1,0,0,2,1,0,0,0,0,4000000000,DDR4,13800000
dkp-3445694,lenovo,2.2,AMD,BristolRidge,AMDA6,1000000,2.60,2.5_2.8,AMD,Radeon530,2000000000,1000000000000,0,15.6,HD,0,1,0,0,2,1,0,0,0,0,8000000000,DDR4,13700000
dkp-3998949,lenovo,2.1,Intel,Corei3,8130U,4000000,2.2UPTO3.4,2.2_2.5,Intel,UHD620,0,1000000000000,0,15.6,FullHD,0,1,0,0,1,1,0,0,0,MicrosoftWindows10,4000000000,DDR4,13700000
dkp-3395686,lenovo,2.2,Intel,Corei3,10110U,4000000,2.1UPTO4.1,2.0_2.2,Intel,IntelUHD,0,1000000000000,0,15.6,HD,0,1,0,0,2,0,0,1,0,0,8000000000,DDR4,13700000
dkp-4887479,hp,1.78,Intel,Corei3,1115G4,6000000,1.7,2.8,Intel,Integrated620,0,0,256000000000,15.6,HD,0,1,0,0,2,0,0,1,0,0,4000000000,DDR4,13700000
dkp-3822652,lenovo,1.75,Intel,Pentium,PentiumGold6405U,2000000,2.4,2.2_2.5,NVIDIA,MX130,2000000000,1000000000000,0,15.6,HD,0,1,0,0,2,1,0,0,0,0,8000000000,DDR4,13600000
dkp-4413757,lenovo,1.8,Intel,Corei3,1005G1,4000000,2.1_3.4,2.8,Intel,IntegratedIntelUHDGraphics,0,1000000000000,0,15.6,FullHD,0,1,0,0,2,1,0,1,0,0,4000000000,DDR4,13500000
dkp-4894834,lenovo,2.2,AMD,Ryzen3,3200U,4000000,2.6,2.8,AMD,IntegratedAMDRadeonVega3Graphics,512000000,0,128000000000,15.6,HD,0,1,0,0,2,0,0,1,0,Boot,4000000000,DDR4,13450000
dkp-5150078,lenovo,1.7,Intel,Corei3,1115G4,6000000,3.0,2.8,Intel,UHDGraphics,0,1000000000000,0,15.6,FullHD,0,1,0,0,2,0,0,1,0,0,4000000000,DDR4,13350000
dkp-5149661,lenovo,1.7,Intel,Corei3,1115G4,6000000,3.0,2.8,Intel,UHDGraphics,0,0,256000000000,15.6,FullHD,0,1,0,0,2,0,0,1,0,0,4000000000,DDR4,13300000
dkp-886819,asus,1.90,Intel,Corei3,7020U,3000000,2.3,2.2_2.5,Intel,UHDGraphics620,0,1000000000000,0,15.6,FullHD,0,1,0,0,1,2,0,0,0,0,4000000000,DDR4,13250000
dkp-5062129,lenovo,1.85,Intel,Corei3,1005G1,4000000,1.2,2.8,Intel,UHDGraphics,0,1000000000000,0,15.6,HD,0,1,0,0,3,0,0,0,0,0,12000000000,DDR4,13100000
dkp-5134070,lenovo,1.6,AMD,Ryzen3,3250U,4000000,2.6_3.5,2.8,AMD,VEGA3,0,1000000000000,0,14,HD,0,1,0,0,2,1,0,0,0,0,8000000000,DDR4,13100000
dkp-3998847,lenovo,2.1,Intel,Corei3,8130U,4000000,2.2UPTO3.4,2.2_2.5,Intel,UHD620,0,1000000000000,0,15.6,HD,0,1,0,0,1,1,0,0,0,MicrosoftWindows10,4000000000,DDR4,12999000
dkp-5243755,lenovo,1.75,Intel,Corei3,1005G1,4000000,1.2_3.4,2.8,Intel,UHDGraphics,0,1000000000000,0,15.6,HD,0,1,0,0,2,1,0,0,0,0,12000000000,DDR4,12990000
dkp-5243740,lenovo,1.75,Intel,Corei3,1005G1,4000000,1.2_3.4,2.8,Intel,UHDGraphics,0,1000000000000,0,15.6,HD,0,1,0,0,2,1,0,0,0,0,8000000000,DDR4,12900000
dkp-1964396,lenovo,2.1,AMD,BristolRidge,AMDA6,1000000,2.6,2.5_2.8,AMD,AMDRadeon5302000000000GDDR5,2000000000,1000000000000,0,15.6,HD,0,1,0,0,2,1,0,0,0,0,8000000000,DDR4,12800000
dkp-4536071,lenovo,1.6,Intel,Corei3,1005G1,4000000,1.2,2.8,Intel,IntelUHD,0,1000000000000,0,14,FullHD,0,1,0,0,2,1,0,0,0,0,4000000000,DDR4,12730000
dkp-5157100,lenovo,1.87,AMD,Ryzen3,3250,4000000,2.6_3.5,2.8,AMD,VEGA3,2000000000,1000000000000,0,15.0,HD,0,1,0,0,0,0,0,0,0,MicrosoftWindows10,8000000000,DDR4,12690000
dkp-5062069,lenovo,1.85,Intel,Corei3,1005G1,4000000,1.2,2.8,Intel,UHDGraphics,0,1000000000000,0,15.6,HD,0,1,0,0,3,0,0,0,0,0,8000000000,DDR4,12500000
dkp-2598359,acer,2.1,Intel,Corei3,8145U,4000000,2.10_3.9,2.8,Intel,HDGraphics620,0,1000000000000,0,15.6,HD,0,1,0,0,1,2,0,0,0,0,4000000000,DDR4,12500000
dkp-3497025,lenovo,2.2,Intel,Corei3,10110U,4000000,2.1_4.1,2.8,Intel,UHDGraphic,0,1000000000000,0,15.6,HD,0,1,0,0,2,0,0,1,0,0,4000000000,DDR4,12500000
dkp-5173842,lenovo,2.2,Intel,Corei3,10110U,4000000,2.1UPTO4.1,2.0_2.2,Intel,IntelUHDGraphic,0,1000000000000,0,15.6,FullHD,0,1,0,0,2,0,0,1,0,0,4000000000,DDR4,12489000
dkp-3405430,lenovo,1.75,Intel,Pentium,PentiumGold6405U,2000000,2.4,2.2_2.5,NVIDIA,MX130,2000000000,1000000000000,0,15.6,HD,0,1,0,0,2,1,0,0,0,0,4000000000,DDR4,12400000
dkp-4524819,lenovo,1.75,Intel,Corei3,1005G1,4000000,1.2_3.4,2.8,Intel,IntelIntegrated,0,1000000000000,0,15.6,FullHD,0,1,0,0,2,1,0,0,0,MicrosoftWindows10,4000000000,DDR4,12700000
dkp-3557900,lenovo,2.2,AMD,ATHLON,300U,4000000,2.4UPTO3.3,2.2_2.5,AMD,VEGA3,0,1000000000000,0,15.6,HD,0,1,0,0,2,0,0,1,0,0,8000000000,DDR4,12300000
dkp-2896649,lenovo,2.2,Intel,Corei3,10110U,4000000,2.1UPTO4.1,2.0_2.2,Intel,IntelUHDGraphic,0,1000000000000,0,15.6,HD,0,1,0,0,2,0,0,1,0,0,4000000000,DDR4,12650000
dkp-5011984,asus,1.9,Intel,Corei3,8130U,4000000,2.2,2.8,Intel,UHDGraphics620,0,1000000000000,0,15.6,FullHD,0,1,0,0,1,2,0,0,0,0,4000000000,DDR4,12200000
dkp-5151953,lenovo,1.85,AMD,Ryzen3,3250U,4000000,2.6_3.5,2.8,AMD,IntegratedAMDRadeonGraphics,0,1000000000000,0,15.6,HD,0,1,0,0,0,3,0,0,0,0,4000000000,DDR4,12000000
dkp-4515347,dell,1.9,Intel,Celeron,4205UCeleron4000Series,2000000,1.8,_2.0,Intel,UHD610,0,500000000000,0,15.6,HD,0,1,0,0,2,1,0,0,0,0,4000000000,DDR4,11990000
dkp-3433590,lenovo,2.1,Intel,Pentium,N5000,4000000,1.1UPTO2.7,_2.0,Intel,UHD605,0,1000000000000,0,15.6,HD,0,1,0,0,1,1,0,1,0,0,8000000000,DDR4,11900000
dkp-5122245,lenovo,1.6,Intel,Corei3,1005G1,4000000,1.2,2.8,Intel,IntelUHDGraphics,0,1000000000000,0,15.6,HD,0,1,0,0,2,1,0,0,0,0,4000000000,DDR4,11680000
dkp-4666583,lenovo,1.87,Intel,Corei3,1005G1,4000000,2.1_3.4,2.8,Intel,UHD,0,1000000000000,0,15.0,HD,0,1,0,0,2,1,0,0,0,0,4000000000,DDR4,11549000
dkp-1940548,lenovo,2.1,AMD,BristolRidge,A6,-1,-1,-1,AMD,Radeon,512000000,1000000000000,0,15.6,HD,0,1,0,0,0,0,0,0,0,0,8000000000,DDR4,11400000
dkp-4678192,asus,2,Intel,Pentium,N5030,4000000,1.0_3.6,2.8,Intel,UHDGraphics620,0,1000000000000,0,15.6,FullHD,0,0,0,0,0,2,0,1,0,0,4000000000,DDR4,11000000
dkp-3496968,lenovo,2.2,Intel,Pentium,4415U,2000000,2.3,2.2_2.5,Intel,IntelHD,0,1000000000000,0,15.6,HD,0,1,0,0,1,1,0,0,0,0,4000000000,DDR4,10200000
dkp-3576578,lenovo,2.2,Intel,Pentium,N5000,4000000,1.1UPTO2.7,_2.0,Intel,UHD605,0,1000000000000,0,15.6,HD,0,1,0,0,2,0,0,1,0,0,4000000000,DDR4,10100000
dkp-1788325,lenovo,2.2,Intel,Celeron,N4000,4000000,1.1_2.6,_2.0,Intel,UHDGraphics600,0,1000000000000,0,15.6,HD,0,1,0,0,1,1,0,0,0,0,8000000000,DDR4,10000000
dkp-4877214,asus,1.9,Intel,Celeron,N4020,4000000,1.1,2.5_2.8,Intel,IntelUHDGraphics600,0,1000000000000,0,15.6,HD,0,1,0,0,0,2,0,0,0,0,4000000000,DDR4,9100000
dkp-4540657,asus,1.9,Intel,Celeron,N4020,4000000,1.1,2.5_2.8,Intel,HDGRAPHICS500,0,1000000000000,0,15.6,FullHD,0,1,0,0,1,2,0,0,0,0,4000000000,DDR4,9000000
dkp-2047531,asus,1.9,Intel,Celeron,N4000,4000000,1.1_2.6,_2.0,Intel,HDGRAPHICS500,0,1000000000000,0,15.6,FullHD,0,1,0,0,1,2,0,0,0,0,4000000000,DDR4,8990000
dkp-1946433,lenovo,1.85,Intel,Celeron,N4000,4000000,1.1UPTO2.6,-1,Intel,Intel,0,1000000000000,0,15.6,HD,0,1,0,0,2,0,0,0,0,0,8000000000,DDR4,8990000
